sample_id,label,measure,tri,minh,vu,ly,agree
GTS01,image_status,tag,1,1,1,0,0
GTS01,image_status,attr:status,positive,positive,positive,,0
GTS01,traffic_sign,count,6,6,6,6,1
GTS01,traffic_sign,attr:degraded,false|false|false|false|false|false,false|false|false|false|false|false,false|false|false|false|false|false,false|false|false|false|false|false,1
GTS01,traffic_sign,attr:family,prohibitory|prohibitory|prohibitory|prohibitory|warning|warning,prohibitory|prohibitory|prohibitory|prohibitory|warning|warning,prohibitory|prohibitory|prohibitory|prohibitory|warning|warning,prohibitory|prohibitory|prohibitory|prohibitory|warning|warning,1
GTS01,traffic_sign,attr:needs_review,false|false|false|false|false|false,false|false|false|false|false|false,false|false|false|false|false|false,false|false|false|false|false|false,1
GTS01,traffic_sign,attr:occlusion,none|none|none|none|none|none,none|none|none|none|none|none,none|none|none|none|none|none,none|none|none|none|none|none,1
GTS01,traffic_sign,attr:review_note,__undefined__|__undefined__|__undefined__|__undefined__|__undefined__|__undefined__,__undefined__|__undefined__|__undefined__|__undefined__|__undefined__|__undefined__,__undefined__|__undefined__|__undefined__|__undefined__|__undefined__|__undefined__,__undefined__|__undefined__|__undefined__|__undefined__|__undefined__|__undefined__,1
GTS01,traffic_sign,attr:sign_kind,other|other|other|other|speed_limit|speed_limit,other|other|other|other|speed_limit|speed_limit,other|other|other|other|speed_limit|speed_limit,other|other|other|other|speed_limit|speed_limit,1
GTS01,traffic_sign,attr:speed_value,50|50|not_applicable|not_applicable|not_applicable|not_applicable,50|50|not_applicable|not_applicable|not_applicable|not_applicable,50|50|not_applicable|not_applicable|not_applicable|not_applicable,50|50|not_applicable|not_applicable|not_applicable|not_applicable,1
GTS01,traffic_sign,attr:truncated,false|false|false|false|false|false,false|false|false|false|false|false,false|false|false|false|false|false,false|false|false|false|false|false,1
GTS04,image_status,tag,1,1,1,0,0
GTS04,image_status,attr:status,positive,positive,positive,,0
GTS04,traffic_sign,count,6,6,6,6,1
GTS04,traffic_sign,attr:degraded,false|false|false|false|false|false,false|false|false|false|false|false,false|false|false|false|false|false,false|false|false|false|false|true,0
GTS04,traffic_sign,attr:family,information|information|prohibitory|prohibitory|prohibitory|supplementary,information|information|prohibitory|prohibitory|prohibitory|supplementary,information|information|prohibitory|prohibitory|prohibitory|prohibitory,information|information|prohibitory|prohibitory|prohibitory|prohibitory,0
GTS04,traffic_sign,attr:needs_review,false|false|false|false|false|false,false|false|false|false|false|false,false|false|false|false|false|false,false|false|false|false|false|false,1
GTS04,traffic_sign,attr:occlusion,none|none|none|none|none|none,none|none|none|none|none|none,none|none|none|none|none|none,none|none|none|none|none|partial,0
GTS04,traffic_sign,attr:review_note,__undefined__|__undefined__|__undefined__|__undefined__|__undefined__|__undefined__,__undefined__|__undefined__|__undefined__|__undefined__|__undefined__|__undefined__,__undefined__|__undefined__|__undefined__|__undefined__|__undefined__|__undefined__,__undefined__|__undefined__|__undefined__|__undefined__|__undefined__|__undefined__,1
GTS04,traffic_sign,attr:sign_kind,other|other|other|speed_limit|speed_limit|unknown,other|other|other|speed_limit|speed_limit|unknown,other|other|other|other|speed_limit|speed_limit,other|other|other|other|speed_limit|speed_limit,0
GTS04,traffic_sign,attr:speed_value,120|120|not_applicable|not_applicable|not_applicable|not_applicable,120|70|not_applicable|not_applicable|not_applicable|not_applicable,120|70|not_applicable|not_applicable|not_applicable|not_applicable,120|120|not_applicable|not_applicable|not_applicable|not_applicable,0
GTS04,traffic_sign,attr:truncated,false|false|false|false|false|false,false|false|false|false|false|false,false|false|false|false|false|false,false|false|false|false|false|false,1
GTS06,image_status,tag,1,1,1,0,0
GTS06,image_status,attr:status,positive,positive,positive,,0
GTS06,traffic_sign,count,2,0,0,0,0
GTS06,traffic_sign,attr:family,prohibitory|supplementary,,,,0
GTS06,traffic_sign,attr:sign_kind,other|speed_limit,,,,0
GTS06,traffic_sign,attr:speed_value,30|not_applicable,,,,0
GTS09,image_status,tag,1,1,1,0,0
GTS09,image_status,attr:status,positive,positive,unresolved,,0
GTS09,traffic_sign,count,4,9,9,12,0
GTS09,traffic_sign,attr:degraded,false|false|false|false,false|false|false|false|false|false|false|false|false,false|false|false|false|false|false|false|false|false,false|false|false|false|false|false|false|false|false|false|true|true,0
GTS09,traffic_sign,attr:family,information|supplementary|supplementary|unknown,information|information|information|information|mandatory|supplementary|supplementary|supplementary|unknown,information|information|information|information|mandatory|supplementary|supplementary|supplementary|unknown,information|information|information|information|information|information|information|information|information|information|mandatory|mandatory,0
GTS09,traffic_sign,attr:needs_review,false|false|false|false,false|false|false|false|false|false|false|false|false,false|false|false|false|false|false|false|false|true,false|false|false|false|false|false|false|false|false|false|false|false,0
GTS09,traffic_sign,attr:occlusion,none|none|none|none,none|none|none|none|none|none|none|none|none,none|none|none|none|none|none|none|none|none,none|none|none|none|none|none|none|none|none|none|none|none,0
GTS09,traffic_sign,attr:review_note,__undefined__|__undefined__|__undefined__|__undefined__,__undefined__|__undefined__|__undefined__|__undefined__|__undefined__|__undefined__|__undefined__|__undefined__|__undefined__,Chưa xác định chắc loại biển/bảng nhỏ trên cột hướng dẫn; cần reviewer xác nhận.|__undefined__|__undefined__|__undefined__|__undefined__|__undefined__|__undefined__|__undefined__|__undefined__,__undefined__|__undefined__|__undefined__|__undefined__|__undefined__|__undefined__|__undefined__|__undefined__|__undefined__|__undefined__|__undefined__|__undefined__,0
GTS09,traffic_sign,attr:sign_kind,other|other|other|unknown,other|other|other|other|other|other|other|other|unknown,other|other|other|other|other|other|other|other|unknown,other|other|other|other|other|other|other|other|other|other|unknown|unknown,0
GTS09,traffic_sign,attr:speed_value,not_applicable|not_applicable|not_applicable|not_applicable,not_applicable|not_applicable|not_applicable|not_applicable|not_applicable|not_applicable|not_applicable|not_applicable|not_applicable,not_applicable|not_applicable|not_applicable|not_applicable|not_applicable|not_applicable|not_applicable|not_applicable|not_applicable,not_applicable|not_applicable|not_applicable|not_applicable|not_applicable|not_applicable|not_applicable|not_applicable|not_applicable|not_applicable|not_applicable|unknown,0
GTS09,traffic_sign,attr:truncated,false|false|false|false,false|false|false|false|false|false|false|false|false,false|false|false|false|false|false|false|false|false,false|false|false|false|false|false|false|false|false|false|false|false,0
GTS11,image_status,tag,1,1,1,0,0
GTS11,image_status,attr:status,positive,positive,positive,,0
GTS11,traffic_sign,count,3,3,3,2,0
GTS11,traffic_sign,attr:degraded,false|false|false,false|false|false,false|false|false,false|false,0
GTS11,traffic_sign,attr:family,information|information|mandatory,information|information|mandatory,information|information|mandatory,information|mandatory,0
GTS11,traffic_sign,attr:needs_review,false|false|false,false|false|false,false|false|false,false|false,0
GTS11,traffic_sign,attr:occlusion,none|none|none,none|none|none,none|none|none,none|none,0
GTS11,traffic_sign,attr:review_note,__undefined__|__undefined__|__undefined__,__undefined__|__undefined__|__undefined__,__undefined__|__undefined__|__undefined__,__undefined__|__undefined__,0
GTS11,traffic_sign,attr:sign_kind,other|other|other,other|other|other,other|other|other,other|other,0
GTS11,traffic_sign,attr:speed_value,not_applicable|not_applicable|not_applicable,not_applicable|not_applicable|not_applicable,not_applicable|not_applicable|not_applicable,not_applicable|not_applicable,0
GTS11,traffic_sign,attr:truncated,false|false|false,false|false|false,false|false|false,false|false,0
GTS16,image_status,tag,1,1,1,0,0
GTS16,image_status,attr:status,positive,positive,positive,,0
GTS16,traffic_sign,count,1,1,1,3,0
GTS16,traffic_sign,attr:degraded,false,false,false,false|false|false,0
GTS16,traffic_sign,attr:family,priority,priority,priority,information|information|priority,0
GTS16,traffic_sign,attr:needs_review,false,false,false,false|false|false,0
GTS16,traffic_sign,attr:occlusion,none,none,none,none|none|none,0
GTS16,traffic_sign,attr:review_note,__undefined__,__undefined__,__undefined__,__undefined__|__undefined__|__undefined__,0
GTS16,traffic_sign,attr:sign_kind,other,other,other,other|other|other,0
GTS16,traffic_sign,attr:speed_value,not_applicable,not_applicable,not_applicable,not_applicable|not_applicable|not_applicable,0
GTS16,traffic_sign,attr:truncated,false,false,false,false|false|false,0
